Variable,Importancia
acousticness,0.10308804838140083
duration_ms,0.09717546257805355
tempo,0.0970799793969413
valence,0.09598691412502998
danceability,0.09537714274462716
speechiness,0.09336596189279764
loudness,0.09159026127258992
energy,0.08619110517878285
liveness,0.08244033915736315
instrumentalness,0.06978697026253339
key_0,0.006503813098752963
key_1,0.005718835014170324
key_9,0.00558016448912302
key_7,0.005560864291693255
key_11,0.005427206667759925
key_5,0.005424324289440292
key_8,0.0053125330109727404
key_2,0.005295712873597486
mode_1,0.0052494066158284315
key_6,0.005158981268754533
mode_0,0.0051158785199185465
key_4,0.004914308837668655
key_10,0.00472950347650714
time_signature_4,0.00382295810530196
explicit_False,0.0037836658783903707
explicit_True,0.0035315519243451906
key_3,0.00351166484064983
time_signature_3,0.0018715147173186057
time_signature_5,0.0008422887312022786
time_signature_1,0.0005373768578616309
time_signature_0,2.5261500622987995e-05
