modelo,mae_mean,mae_std,rmse_mean,rmse_std,r2_mean,r2_std
Linear Regression,18.363979911546842,0.05331476309606178,22.018836540731186,0.053014575053293135,0.027381790264394468,0.0026672459198336233
Ridge,18.363988626637173,0.05332350989886467,22.018835715549802,0.053019995184530835,0.02738186526662436,0.002666898768814832
Lasso,18.76538364772549,0.07927578856961344,22.220460879823797,0.07187564394581572,0.009496144761187186,0.000422913324853691
ElasticNet,18.71395371215017,0.07718523485424908,22.18691277643657,0.07080585855408351,0.012484512639324218,0.0004072100270968972
Decision_Tree,14.047609318803927,0.13828834237443346,21.641832169972464,0.1779697291381298,0.060278176354411614,0.018753177563246643
Random_Forest,11.305872161740231,0.0933629909102166,15.688809061239235,0.11671806477668534,0.5061912723831625,0.007360697953766771
Gradient_Boosting,17.03239330074038,0.060622800652464476,20.812986348555803,0.0626927155613312,0.13099841602496148,0.0020097083454835743
MLPRegressor,16.837262115759252,0.0947545075137933,20.769612496781797,0.09154100506699409,0.13460676138171807,0.006051005934352942
Deep_Learning,17.62434196472168,0.06281076677245062,21.48942985534668,0.05799191301220048,0.073586106300354,0.003929468909446865
