variable,PC1,PC2,PC3,PC4,PC5,PC6,PC7,PC8,PC9,PC10
duration_ms,0.024034260230388235,0.4988707545331318,0.19264405960006853,0.5704975973863102,-0.030169506490124936,0.6071284780914942,0.12075710184535492,0.06121279831939953,-0.010285462087493594,-0.0045628059224085155
danceability,-0.41861755423946967,-0.5970705962847477,0.24100449299251145,0.38352415761645053,0.25524011406859215,0.02821115530307338,-0.11941359605953486,-0.42212604491539774,-0.03572494172728757,0.05850162324473857
energy,-0.8619366833516714,0.32505962270390154,-0.04146880670555632,0.05390514730591318,-0.005013507770192665,-0.17411473605453684,-0.0786339838972613,0.15634842902844173,-0.10197227486227825,0.2746059224586406
loudness,-0.8760371267319768,0.09608780129910922,0.043494284230259715,-0.0369284539244841,-0.1727066266250568,-0.07011819354535623,0.14396049618654755,-0.036229646712341544,-0.3548041730246685,-0.19339925194675633
speechiness,-0.17145085764722956,-0.11272332811280861,-0.6766383340471892,0.25305588632236864,0.5305967163708499,-0.08438444571148715,0.3613696626571024,0.12134147576440597,0.025241282837367256,-0.03766721009332769
acousticness,0.7429998615773026,-0.3894925250473423,-0.19615053609459782,-0.11280628366067853,-0.008593855230552092,0.26942110797803276,0.03177915965734418,0.058800651976981796,-0.3938374832221004,0.11317908623427893
instrumentalness,0.4804849061823119,0.3965755119244813,0.17052464173469414,0.22897412525369779,0.42865427528174044,-0.3077002344556551,-0.46160041686317366,0.08118034317110658,-0.16545621655419437,-0.06992453242549297
liveness,-0.1441037767600006,0.17773278644763696,-0.7729582805212002,0.056127572988889256,-0.24850843026893896,0.16947297881385204,-0.4641896267331902,-0.19996306863083693,0.02037272311488275,-0.026087038473210557
valence,-0.5023354849291924,-0.6020294782791763,0.08061122869224466,0.012225783020349885,0.05824460963936382,0.2560312671359533,-0.35877130829379644,0.41559075159031045,0.06469220964090357,-0.06332359077292715
tempo,-0.31981472741230665,0.29663392752016765,0.0765426565020913,-0.6014836045672997,0.5103071190990612,0.40039195554836604,-0.05774753419011113,-0.13415015887874582,0.00482194271427367,0.0020446299617942264
